<?xml version="1.0" encoding="UTF-8"?>
<project-private xmlns="http://www.netbeans.org/ns/project-private/1">
    <editor-bookmarks xmlns="http://www.netbeans.org/ns/editor-bookmarks/2" lastBookmarkId="0"/>
    <open-files xmlns="http://www.netbeans.org/ns/projectui-open-files/2">
        <group>
            <file>file:/C:/Users/contabilidade/Desktop/biel%20e%20lari/Trabalho%20LPTO/src/br/com/entidade/ManterAluno.java</file>
            <file>file:/C:/Users/contabilidade/Desktop/biel%20e%20lari/Trabalho%20LPTO/src/br/com/entidade/ManterLivro.java</file>
            <file>file:/C:/Users/contabilidade/Desktop/biel%20e%20lari/Trabalho%20LPTO/src/br/com/entidade/DAO.java</file>
            <file>file:/C:/Users/contabilidade/Desktop/biel%20e%20lari/Trabalho%20LPTO/src/br/com/visao/FormAlterarAluno.java</file>
            <file>file:/C:/Users/contabilidade/Desktop/biel%20e%20lari/Trabalho%20LPTO/src/br/com/visao/ListarLivro.java</file>
            <file>file:/C:/Users/contabilidade/Desktop/biel%20e%20lari/Trabalho%20LPTO/src/br/com/visao/ListarAluno.java</file>
            <file>file:/C:/Users/contabilidade/Desktop/biel%20e%20lari/Trabalho%20LPTO/src/br/com/visao/FormAlterarLivro.java</file>
        </group>
    </open-files>
</project-private>
